bracket,returns,Wages,Capital gains,Dividends and interest,Partnership and S corporation,Sole proprietor,Everything else
All returns,160602107.0,0.6612193432633543,0.061310199949440106,0.053008354355080445,0.06422269700289285,0.02442539955593519,0.13581400587329714
"Under $50,000",77373223.0,0.8047768287348029,0.0036716941026306437,0.020586582713466035,0.001167202248807331,0.048106286621692175,0.12169140557860086
"$50,000 to $100,000",39911352.0,0.7666362490669997,0.006122636629844474,0.02142566021554191,0.007059265283284435,0.020685194956298524,0.178070993848031
"$100,000 to $200,000",27602755.0,0.7208558422496927,0.014797266420100635,0.03181430325419014,0.015418555836221766,0.021636291295317123,0.1954777409444776
"$200,000 to $500,000",10955818.0,0.6923645914240927,0.037344772391510524,0.04895706989295011,0.053880717377931986,0.029165626585289244,0.13828722232822546
"$500,000 to $1 million",1779720.0,0.592410890113318,0.07976665115310877,0.07411494742789444,0.14144028202318062,0.03167206846931431,0.08059516081318384
$1 million to $5 million,719451.0,0.39038611032428755,0.15178053316475845,0.107702736949304,0.25872400015856273,0.023429044670908415,0.06797757473217879
$5 million to $10 million,49262.0,0.2616676052866473,0.24023200113632892,0.13223378669288524,0.2978550004409912,0.012952615404764629,0.05505899103838269
$10 million or more,30382.0,0.16956982219332747,0.39402845551651394,0.17072052190485046,0.19878144509973547,0.005724943149402967,0.06117481213616967
